[
  {
    "value": "9",
    "synonyms": [
      "General Knowledge",
      "General",
      "Knowledge"
    ]
  },
  {
    "value": "10",
    "synonyms": [
      "Entertainment: Books",
      "books",
      "book"
    ]
  },
  {
    "value": "11",
    "synonyms": [
      "Entertainment: Film",
      "film"
    ]
  },
  {
    "value": "12",
    "synonyms": [
      "Entertainment: Music",
      "music",
      "songs"
    ]
  },
  {
    "value": "13",
    "synonyms": [
      "Entertainment: Musicals \u0026 Theatres",
      "musicals",
      "theatre"
    ]
  },
  {
    "value": "14",
    "synonyms": [
      "Entertainment: Television",
      "television",
      "tv"
    ]
  },
  {
    "value": "15",
    "synonyms": [
      "Entertainment: Video Games",
      "video games",
      "games"
    ]
  },
  {
    "value": "16",
    "synonyms": [
      "Entertainment: Board Games",
      "board games"
    ]
  },
  {
    "value": "17",
    "synonyms": [
      "Science \u0026 Nature",
      "nature"
    ]
  },
  {
    "value": "18",
    "synonyms": [
      "Science: Computers",
      "computers"
    ]
  },
  {
    "value": "19",
    "synonyms": [
      "Science: Mathematics",
      "mathematics",
      "math"
    ]
  },
  {
    "value": "20",
    "synonyms": [
      "Mythology"
    ]
  },
  {
    "value": "21",
    "synonyms": [
      "Sports"
    ]
  },
  {
    "value": "22",
    "synonyms": [
      "Geography"
    ]
  },
  {
    "value": "23",
    "synonyms": [
      "History"
    ]
  },
  {
    "value": "24",
    "synonyms": [
      "Politics"
    ]
  },
  {
    "value": "25",
    "synonyms": [
      "Art"
    ]
  },
  {
    "value": "26",
    "synonyms": [
      "Celebrities"
    ]
  },
  {
    "value": "27",
    "synonyms": [
      "Animals"
    ]
  },
  {
    "value": "28",
    "synonyms": [
      "Vehicles"
    ]
  },
  {
    "value": "29",
    "synonyms": [
      "Entertainment: Comics",
      "comics"
    ]
  },
  {
    "value": "30",
    "synonyms": [
      "Science: Gadgets",
      "gadgets"
    ]
  },
  {
    "value": "31",
    "synonyms": [
      "Entertainment: Japanese Anime \u0026 Manga",
      "japanese anime",
      "anime"
    ]
  },
  {
    "value": "32",
    "synonyms": [
      "Entertainment: Cartoon \u0026 Animations",
      "cartoons",
      "animations"
    ]
  }
]