[
  {
    "id": "221f54bb-07d0-4e20-9408-8a19981f5eb7",
    "data": [
      {
        "text": "have a ",
        "userDefined": false
      },
      {
        "text": "film",
        "alias": "triviacategory",
        "meta": "@triviaCategory",
        "userDefined": false
      },
      {
        "text": " or ",
        "userDefined": false
      },
      {
        "text": "theatre",
        "alias": "triviacategory",
        "meta": "@triviaCategory",
        "userDefined": false
      },
      {
        "text": " questions?",
        "userDefined": false
      }
    ],
    "isTemplate": false,
    "count": 0,
    "updated": 0
  },
  {
    "id": "2607df62-5065-4c7d-beaa-6e33794d7e68",
    "data": [
      {
        "text": "have any ",
        "userDefined": false
      },
      {
        "text": "games",
        "alias": "triviacategory",
        "meta": "@triviaCategory",
        "userDefined": false
      },
      {
        "text": " questions?",
        "userDefined": false
      }
    ],
    "isTemplate": false,
    "count": 0,
    "updated": 0
  },
  {
    "id": "7a08222c-bb34-48c2-bca3-375ce1c7c3e6",
    "data": [
      {
        "text": "film",
        "alias": "triviacategory",
        "meta": "@triviaCategory",
        "userDefined": false
      },
      {
        "text": " questions please",
        "userDefined": false
      }
    ],
    "isTemplate": false,
    "count": 0,
    "updated": 0
  },
  {
    "id": "023278ca-9292-4849-8b31-809668789968",
    "data": [
      {
        "text": "ask a ",
        "userDefined": false
      },
      {
        "text": "general knowledge",
        "alias": "triviacategory",
        "meta": "@triviaCategory",
        "userDefined": false
      },
      {
        "text": " question",
        "userDefined": false
      }
    ],
    "isTemplate": false,
    "count": 0,
    "updated": 0
  },
  {
    "id": "203e419a-e143-40ea-9fe8-7db0564b5b64",
    "data": [
      {
        "text": "ask a question",
        "userDefined": false
      }
    ],
    "isTemplate": false,
    "count": 0,
    "updated": 0
  },
  {
    "id": "65794f19-5580-4bcb-b73c-1575a9920659",
    "data": [
      {
        "text": "ask a ",
        "userDefined": false
      },
      {
        "text": "film",
        "alias": "triviacategory",
        "meta": "@triviaCategory",
        "userDefined": false
      },
      {
        "text": " question from me",
        "userDefined": false
      }
    ],
    "isTemplate": false,
    "count": 0,
    "updated": 0
  }
]