[
  {
    "id": "1878625a-abc0-490c-b60f-f40852ed518e",
    "data": [
      {
        "text": "challenge me",
        "userDefined": false
      }
    ],
    "isTemplate": false,
    "count": 0,
    "updated": 0
  },
  {
    "id": "33320838-6645-45ce-ae5a-2de4c90a966b",
    "data": [
      {
        "text": "i want challenge",
        "userDefined": false
      }
    ],
    "isTemplate": false,
    "count": 0,
    "updated": 0
  },
  {
    "id": "5e172f58-4526-4c46-bd64-2e98b7536a17",
    "data": [
      {
        "text": "challenge",
        "userDefined": false
      }
    ],
    "isTemplate": false,
    "count": 0,
    "updated": 0
  }
]