[
  {
    "id": "25ebd15c-f405-457c-a9d2-feed3ef04f42",
    "data": [
      {
        "text": "points",
        "userDefined": false
      }
    ],
    "isTemplate": false,
    "count": 0,
    "updated": 0
  },
  {
    "id": "41969b75-5e41-4f70-a661-f80402f170ef",
    "data": [
      {
        "text": "show me my points",
        "userDefined": false
      }
    ],
    "isTemplate": false,
    "count": 0,
    "updated": 0
  },
  {
    "id": "ef28675e-37a1-4b0a-9d79-722e840d678d",
    "data": [
      {
        "text": "show points",
        "userDefined": false
      }
    ],
    "isTemplate": false,
    "count": 0,
    "updated": 0
  },
  {
    "id": "ac2df457-1133-49d6-a9cf-2823e0372fa0",
    "data": [
      {
        "text": "give me my points",
        "userDefined": false
      }
    ],
    "isTemplate": false,
    "count": 1,
    "updated": 0
  },
  {
    "id": "b5650e36-c6a9-4483-9cb5-95adc02551fc",
    "data": [
      {
        "text": "tell me my points",
        "userDefined": false
      }
    ],
    "isTemplate": false,
    "count": 0,
    "updated": 0
  },
  {
    "id": "9caf3283-8e0d-4579-a87c-ebeb394bf571",
    "data": [
      {
        "text": "how many points do I have",
        "userDefined": false
      }
    ],
    "isTemplate": false,
    "count": 0,
    "updated": 0
  }
]