[
  {
    "id": "7466d57a-d92f-4416-a508-4912aeeb0c70",
    "data": [
      {
        "text": "4389046578",
        "alias": "phone-number",
        "meta": "@sys.phone-number",
        "userDefined": true
      }
    ],
    "isTemplate": false,
    "count": 0,
    "updated": 0
  },
  {
    "id": "94a56a04-bba7-4728-bb66-81ce75d9a446",
    "data": [
      {
        "text": "+12042978906",
        "alias": "phone-number",
        "meta": "@sys.phone-number",
        "userDefined": true
      }
    ],
    "isTemplate": false,
    "count": 1,
    "updated": 0
  },
  {
    "id": "830438f2-368a-4899-a950-d40eb64565b4",
    "data": [
      {
        "text": "7889801387",
        "alias": "phone-number",
        "meta": "@sys.phone-number",
        "userDefined": false
      }
    ],
    "isTemplate": false,
    "count": 0,
    "updated": 0
  },
  {
    "id": "5427202b-42e4-4668-94cf-e3edb0b4e78d",
    "data": [
      {
        "text": "(322) 720-1060",
        "alias": "phone-number",
        "meta": "@sys.phone-number",
        "userDefined": true
      }
    ],
    "isTemplate": false,
    "count": 0,
    "updated": 0
  },
  {
    "id": "c327d5a4-a6af-47a8-a121-2e2da8017fe7",
    "data": [
      {
        "text": "(724) 954-5691",
        "alias": "phone-number",
        "meta": "@sys.phone-number",
        "userDefined": true
      }
    ],
    "isTemplate": false,
    "count": 0,
    "updated": 0
  }
]